UserID,FollowerID
81405807,43155156
55866531,68163104
71570253,97954280
25695166,35046403
64859820,93301714
89909823,31126722
81420552,66699743
18231138,85176427
47724073,92447632
34706681,97140069
81342117,98433763
12314560,97384480
41836973,11597192
89301071,63431580
80123574,86853739
88292086,78154321
81328937,80937385
62797411,91388339
55336003,8847566
16920018,61304554
95218092,83544517
74613705,58437668
38508109,8059789
97660228,49965991
1492913,42982444
39520741,24468734
88225272,37573664
80364516,57971676
60226793,12498426
86722972,87919725
47823039,30312506
5910036,63701682
77061620,67442806
16661827,80482846
1698078,70378721
64311739,30612377
23435492,85754679
58520040,86505987
4850789,60835371
44060303,13618506
57612543,40899719
85601797,5310136
28754688,20890653
72456237,75298492
75347544,24573180
4822271,88578109
71203653,52179300
22531401,65074868
55698422,92588921
55067614,53470552
10738919,63093240
76369638,98100017
97620181,5785211
48958643,33644378
64945197,68336051
54622492,40938823
15781249,51206718
50394109,30238073
32282502,73940354
66140830,60579064
14977785,55180571
48676312,87602141
79851223,99704115
40015079,81449286
70529533,16435346
27647271,56099316
14924351,36183310
74371283,35132107
36895685,38555336
28823931,93031865
62206016,77798162
57828767,11139551
67289268,45511476
95965349,41617558
59465124,93340755
58295812,48332033
98462073,9918898
90270784,83048032
69584095,684502
44709945,3766381
54244606,44920325
82315236,15991979
36158021,18143106
21210974,4520473
39266160,3138914
64993364,26017129
956876,22119276
49195714,2067011
95798002,140495
56602316,93227434
96611440,50909313
82350027,79048283
77115563,36472771
39208054,4169027
33901698,24494916
54917178,72797065
36297587,73094217
44070567,62759122
60576309,71793423
93921201,14393217
78624540,70873451
21068795,56019248
45165715,59251386
96229441,69896187
53886794,33066281
26178654,24818111
38612255,51976621
83645294,14772355
39109155,26616437
67691705,56298982
57470035,17131037
6068605,4071011
93440519,55237451
82175502,23544766
82394805,35418900
24636042,41226604
28427084,40991870
18947930,19755461
90404243,74076426
31533860,55472821
9027770,30351395
47469169,26799573
46245565,2525046
89971375,12617553
70274483,8786495
75433045,96883631
52480167,24121843
79093050,2296991
82025470,83245190
24639351,54450842
77536464,74728925
38561821,83937261
46077500,69481505
38972643,23922743
53909784,52231182
40580293,52926078
12608635,2429399
19341688,48810201
55098150,78436972
39208612,8801994
69572630,4356680
6408175,86089613
97981375,71049382
85144170,39890281
45554408,13095670
76087206,80027162
26473018,40934218
83361190,39153341
99326740,43787639
7304565,52955901
68231138,85176427
46624073,92447632
34706682,97140069
89301070,63431580
80123572,86853739
88292083,78154321
81328936,80937385
98433763,81342117
97384480,12314560
11597192,41836973
12026701,76863449
13483207,58719780
66177471,84371499
19421841,19349681
16378902,98241679
62547465,21756231
50960618,95050422
44547406,49670784
16959288,36495578
48536081,49015460
89457566,42289084
97405275,68505691
78345397,86599313
77608148,41403992
9316525,50578217
81970353,51325769
15285106,81005379
22817507,46965512
29645172,62225395
56711043,82003652
15521539,93825309
13285993,8381098
42543032,87620033
3614740,32050098
8375324,6268708
42290593,29300820
45446629,43413026
10708526,48723231
33904723,60295459
6339223,72688723
14473703,24325951
63178202,73188031
78632618,83363399
65676046,80078429
55623194,36760189
27511724,95310601
50612741,43458927
49680465,22997691
7168744,56650828
45901141,9081811
62575434,5302102
43048340,11639145
36940168,52333569
9355302,5043154
25246221,22150268
7420782,62811155
46575915,83193944
43998816,756134
16668241,34244220
17783657,351362
69861095,72940242
28750072,6242150
78589366,74993704
18391121,33227138
77881255,47949852
6675060,84602541
78711198,82516592
4507482,14976351
65215359,34286357
59189492,15922509
16502765,64288782
42271415,87262244
22359253,26711145
87232435,43749509
10117863,23329825
74997504,41491186
19673575,33897639
82575804,67385771
44803519,33621546
15192293,5978117
89178420,32213774
51997659,98668077
11158817,92820336
51464209,33796050
16723976,81581367
94558951,88572623
95580088,39462327
72140864,81819038
65760470,32069481
80720701,29121399
26891130,39845915
66920918,18526667
7963275,19881015
73700098,23295522
42820095,62213034
36458022,15177482
54476929,53113172
80874079,34572060
26802230,29183044
39929899,1165870
63509646,87264766
90448392,21520818
96477062,48340637
74377227,47599447
56352805,49785189
46656102,62786054
9830878,85760511
20017915,2107963
34249517,96653591
46457542,88060000
14913602,69435420
62316225,58599439
24252166,77124942
24333687,25655957
29516175,2620480
82872291,33534656
13614081,80997130
7032459,74344506
94626656,40009574
97455451,43721741
98807435,30991220
12809518,50839630
63294341,70235543
12259979,16323715
96396209,48940027
90302824,61744136
91031963,85933344
23131371,9760855
56591561,65923072
94486872,89240226
49799935,7211378
12003900,76960826
63481568,45391597
82361183,35990250
13734631,27097788
49463858,52119793
40763169,95336052
28685059,85569656
5160840,68465108
25652689,26551814
35834154,59831801
42389550,92257319
3874772,84394280
7581176,16938020
51459793,12017052
37207297,58970318
53894753,38778662
63276001,91861845
58802417,12981790
12990459,4054214
63780969,80445374
19487629,62120599
58618843,5212593
18892012,77919769
70287470,99423114
30584299,64954601
90393073,23826472
45421042,13199242
45491371,62539096
48378121,62977217
18787919,18525739
46378842,20376921
73601036,1098885
61773629,93377894
54425417,34703447
43666976,47851437
38584478,55180264
29964975,48819773
70132900,27188371
12545151,77744204
58259043,17573138
62400040,72612859
93750483,23638901
76492931,74164282
34410491,83403229
78686503,88909912
39144378,6359926
12117769,82690349
39611190,19898849
2763078,48860466
15093941,72937099
68660104,91114964
28406668,17703996
88354100,93934671
73527561,71533827
37004312,39741257
93779676,21669398
59573254,3163520
17590172,41567097
59690709,57405798
3427179,29716691
12492258,81962885
89994323,39370190
4933560,42442482
85498089,83375683
90530696,42227766
59881005,89981502
56867884,44499476
31600619,58041938
89926661,80745442
20579105,39832137
11179259,40201491
22107790,53078469
45248420,6010329
47279029,77330511
97611118,57487126
17980459,29633440
81644321,71131673
19207796,35635159
75278103,96585721
36557928,53038603
84618842,28221668
21790491,36178380
45231848,51523110
35333124,37668943
3212068,74366999
19824551,18913853
31667962,11136063
63466723,16266532
75179270,16353387
72005498,82525156
35583262,23124279
70712319,24117918
78032033,90790048
22758109,90932217
93347217,69545292
69123670,83493586
36369362,65954712
17586151,60964722
20418478,36588047
56088355,62560411
75286131,31757031
97048108,14474873
39034329,76368988
23429748,53524468
30765977,5265967
32993409,26575859
51002998,85018583
73143534,43191465
82506016,69797519
94749694,41142734
25522343,73185659
4168446,78480496
77088526,81883432
65733127,54678858
21399348,38900626
96473583,76889936
67330177,54113078
45424460,26695787
88965260,18797105
83993156,81772343
27599351,9358058
18614288,2320487
19888737,9488123
60158636,20230917
3631469,91880953
49524102,67702908
72360701,36803756
42985793,54254501
36623587,69690172
18793813,45186302
62716477,34527922
42108834,23233145
53764237,83733017
27417152,47623739
11877774,91494296
63732654,19136787
78773570,8655396
53904146,14659512
75396087,1434827
12611072,31495014
12028875,37122311
14649150,24653949
8535166,6366247
85120162,35629246
79125927,2727238
20283761,74984635
11682887,30051511
44788334,4715761
15685776,80402059
62910125,6862464
31929305,8658766
32492607,59164448
16317317,31511766
79364125,92624856
58326466,36395808
33796731,67546311
19575341,82967364
8632070,39968769
90919101,18441523
50619814,66822401
21309910,32565856
95703712,49682706
93711413,4163996
24046791,38680642
51262479,2338419
67311011,64448262
36116730,39875990
74430077,98776041
8024526,20454209
1775307,57665886
7219280,8509069
68822265,71841748
55754450,89192410
32219062,66772443
49636367,33290712
49802746,79853920
15175102,78732297
91808094,77805922
2918466,3669698
78639520,96107474
86959457,71451334
22487377,29311401
41758154,40973291
47699751,62748357
80726492,75898145
40904047,40339922
39139542,32747541
13714392,5625897
15415408,60041263
15897261,30387216
66893568,26777197
24934203,26581614
92234628,22170691
27157999,40364497
32347744,56019446
37844402,63808904
23068482,93768578
85245547,26620256
92899037,61533232
53519654,25258875
53034466,34443801
16269315,4521242
44165489,4517003
63179815,42240769
99000238,9022894
96925355,49700446
28837202,50501001
83184577,90696232
42614428,56612209
15538111,38923716
97235993,25293112
90643100,43972695
85297261,54688781
50773508,73693927
96157624,80094541
6281845,45019341
72155964,22202203
62916374,83341645
23339900,77669470
42175549,85179585
60458107,94337333
30086447,51461858
63147497,32422152
85531206,50226851
53620954,11048480
30306984,22896280
77103754,9458818
9256967,11048857
4454889,7206107
12378715,76918575
61269634,58372843
58271143,87811722
10272730,29097790
94525095,87364252
12335552,27933014
54553660,16801798
82461312,44555678
73643077,24251857
63487485,85688804
44405054,50080294
14103827,4396641
84331898,54632466
60851316,70213521
44793107,95374782
7239360,45795577
81825684,69616800
1901907,33338551
80669578,65665816
22143344,12560250
18568197,25085170
22069668,72492323
69171376,78444827
56277321,90644220
19688341,25945404
92954672,94324317
36092882,16243030
48411810,91073605
81782007,80738748
65580591,97332807
92046000,87881384
13900038,2870118
27437880,26590108
71413693,4530159
98928688,67865773
15318946,91997604
90443923,64927088
48094913,12269440
95384810,94176752
8215705,4945048
29723974,33208752
49512969,59003444
96308666,51507280
7788772,34013190
37590120,49933449
69566594,77644645
53865731,22329991
12852764,74231334
94119109,16213306
3287280,49336615
39829664,34040499
49177653,76757005
90703074,28234508
52880673,20132503
24015442,69522268
50206636,40313959
84738357,34533073
69035188,99639529
49190480,26050068
83829030,69010326
46040219,90547264
29758199,97337185
51589993,93170590
9960389,94192904
31863387,36023993
84864493,69494033
92609621,64941859
20205512,96673774
21186788,15521289
10131349,59403033
66616113,49500513
31209071,44056990
56905589,21339736
50911324,82778576
83624401,41763421
40364871,53469945
93607513,3980174
4790360,12100586
61533618,98254330
1489309,23220216
85048482,66882430
91890867,44068381
98232828,47474906
32532718,71413673
37765614,69852821
37096859,70518200
15103145,79390808
30700613,65397363
6031724,96513709
84310584,51538422
91741883,54244962
97601907,97906341
44757147,97336509
45092100,90099709
12058568,30197766
66867362,8637150
14952574,19753768
68043955,93635499
80175465,81206022
29436952,67193115
33577350,69502631
22246406,89336732
54532209,28459975
66063268,89121214
87082618,54022294
30626119,23071573
20122723,69926594
57907453,66896718
79265364,21222816
66166948,27954279
59691135,76433764
85096203,62525644
97422400,88754640
75993856,64531158
69907425,17016266
78931778,8785182
49688073,55262492
9785824,79742870
78230835,11224020
66967320,73056276
1771938,16801868
86185569,18427023
83511850,68266237
59063057,50838833
98802090,57593420
14510866,27602677
34582331,52382581
64567548,2276333
88127924,22552204
54469616,54290987
59383879,63443457
3369192,65353686
56806849,67087396
8948267,76769062
1773561,61126678
80203194,89603398
35431491,11937507
13143013,64546809
1299542,97160934
70421499,3458121
46318425,72870233
95783130,75262536
56906261,93422249
56071608,55839474
43471889,73027193
60200060,32069420
21352829,16450655
83238853,86716173
80886658,91244893
57525962,6066580
47503595,90278094
73590143,26656105
90388579,70027058
68287632,84305848
55994840,46219068
35719407,28430666
51814049,8748763
99287458,60007168
48784969,54766951
6451129,54560379
55350015,53979597
51145952,48137643
6317251,15967963
9911591,17820635
86994979,34696856
31090195,64677311
58571833,24337186
79407972,82256991
97165984,66161502
51923216,61895230
58505139,23824776
22502513,67263582
32808277,86287263
53416518,12932216
60944541,80448832
15528948,96256451
32107157,77124888
82480865,93686959
62268461,64423681
33851030,61847452
62764527,98138563
61996559,84830019
12869520,94556840
86186881,81897793
48779875,69761249
43807194,46256318
38461566,14547009
4699341,22674701
96851410,54440690
61320270,378451
90690455,95086603
67323431,3839208
46734727,87085886
6305090,5515466
1612457,42132198
95112425,29506886
45092421,12230533
47453429,50739462
80333510,40488499
67185383,60674839
29202968,64386109
96709908,51709261
45671903,13984559
68314193,1769088
11173501,69789768
51666980,70606489
50574114,72328341
81765308,12397793
52194595,83819083
21179728,19117466
22023639,64845290
95771232,12470063
43799547,46256555
8173742,82801198
60653047,69797301
67969761,91498482
77942296,96687739
30036739,27420608
64346843,70631336
84073347,19278578
62378862,12335487
17668878,99023647
30849494,7123506
81647419,60586141
13583614,69786840
47224772,36904489
13728631,69867715
33639940,10747316
46558313,68273779
42483965,66661662
82999593,72596388
19023079,59966458
89196978,90424736
39732135,44320297
54390347,10609736
27729863,10069825
25389852,72766796
26432584,22580879
80445680,57635637
35251143,66442216
2679585,37876441
95135832,67466067
84570626,11481556
67194735,79600326
54326842,43416106
68003071,57334716
17069919,63656530
76807614,65183451
51974973,75175278
57033256,74103285
39703978,74217473
51220817,82851215
62317228,11410882
6290585,24558879
35148970,32192077
63827765,50967234
76424831,51137140
72939762,67066235
98386792,40224326
94091345,36806454
29556436,28672153
45919807,21967430
89462330,46516256
53320012,86105493
26814318,10084216
55111807,39883515
9846502,738522
74671478,35888169
11650889,49793535
95226854,1654695
69578047,8868284
42510304,3695204
84630516,99118284
22706802,60224890
82037803,32565387
98853991,26829915
15393563,43036339
3231179,42703370
39782349,58492602
52143441,19675183
18076517,53220212
30659708,28219334
17929194,23860118
81470501,62662726
54426410,57039863
15401775,2887406
81502897,65341710
86970954,24997560
71867429,99314490
19490053,13940781
98765026,98027532
10646479,31804833
58170261,65305536
27158356,70002283
40004486,74785071
23144514,7322107
42434235,62735568
70067375,10857371
84321967,33315411
1390151,3237138
54236582,12339429
91776914,60707675
57404578,35656056
43431287,66001823
28743552,91243341
35962828,54565648
86609322,15083722
60455449,51382896
60567764,57014409
5989589,81487065
32245451,50285033
45766974,22889107
16129135,87267753
29165490,6554049
78093377,34177454
56924066,95605319
86040884,66329076
97774781,81047233
49068489,6006218
33469866,46165638
26684369,28393022
75302971,557248
71817233,92990018
7936511,1278563
51594694,76031478
61367156,80064877
11565171,345413
67659088,99360909
61629650,67353050
26816607,3725563
92556942,28198277
34570787,29951375
34865476,99297552
25813217,36181657
98919707,46046697
46271987,95160188
6219377,66328852
14217350,96429782
58121318,63137921
65796615,25128437
83190167,92875918
45985966,72990082
95274932,52143712
94040443,63046216
24493622,27135349
40912706,98231995
30849562,41008022
67369047,83029570
84242767,86630485
44740933,656504
45111054,1972036
35844619,7570058
56270122,5113795
35092449,54794453
88503733,54847590
28075278,75528903
15533027,96356088
24228630,77895229
23771070,18341571
4452675,94627649
54445445,71799174
54073842,65557549
10529685,52738343
43371085,19200729
48857820,7244370
47296160,26859878
33201400,13227612
86388844,63692070
27967370,36549929
63448175,46988403
42720439,31056855
4334470,31833660
70963976,67404537
39430899,99217767
17071192,59485573
39400045,81868802
97752234,60536616
35626591,6638249
24852118,32356071
94175843,56584788
65560502,88794395
14386753,25316848
25605538,66739352
97213832,66175508
61211018,15186894
32193117,56622381
45729086,80858517
27920922,52243555
21561519,5591116
88328324,68941641
41104096,2400760
74093139,78681560
5279159,27457668
20723262,20150265
74236847,16315716
53071198,16584384
8153751,77919564
59658971,26892317
60259019,20303063
12055343,49154934
86646786,76191650
38636633,25248350
86790961,15762316
11442923,14337104
11882047,40419890
93878094,67383407
64030371,83025498
78125879,16013396
29324341,23250767
44709847,24516155
19531783,5410570
73732389,77755422
27556020,70879304
22770235,22758918
15248225,54190619
64182781,28122064
60990975,27932762
51833575,30084110
25998156,78303705
78509799,8805507
88528054,48141150
53565734,42707114
38820383,64170398
4834555,87093355
72039854,3184038
44247568,65931442
24186133,30331189
75393717,32292264
41054344,7600144
63130538,66681746
66546291,97245996
24044005,78125935
19228703,6188216
40576385,20980221
33317979,72436262
29570739,92967323
41304935,28175269
6553481,98796777
26112283,7606819
97216750,58430296
20643553,39995445
2652892,61962552
84193845,32715441
65442852,18628371
91486122,76265078
1560829,93629002
35408207,2247564
81138113,21097030
99038341,96977840
66217252,18634736
54539419,12896965
98145254,30340926
73436677,68368973
60298741,60142420
66491901,88277012
61278900,13995260
23646580,39044226
23679381,42283858
49516129,92239287
71999474,87267978
46257840,35231830
33141938,54235230
38160813,44314480
16690219,20893654
83943607,97669396
54057066,56693800
35029078,97089095
67617879,32641698
93008622,31928304
96523627,80668110
19224509,45236894
1673241,40189868
7244021,59427079
46502332,37598306
96203287,24792442
59993343,32028290
23628547,25615056
48014973,67562122
28741483,82031120
78453073,35699477
81419219,91968684
74284693,25885833
16823382,32048200
30698890,2366541
58160434,9645648
69046941,67098230
65463108,94715786
38724418,20662686
61474340,63841980
17578290,49531303
22803921,73237370
85302639,67334729
35276231,79106311
71483177,33401705
79264919,44428614
57125505,51640170
38841721,73908284
30340721,81993609
91949786,61069935
63527761,95694815
71739723,82644018
64631117,56402285
27406038,40085999
41254286,10130132
56727785,19605223
97607504,23938828
31096339,4172812
54972689,90419353
15700056,98516352
14077021,39435848
37626166,69310008
10201637,58910562
1253851,17464586
88444875,37783796
63470221,63971765
26497482,24882294
87036271,48857848
99277862,59230110
41227791,60599633
80563558,90616328
63290034,26263464
51745716,31249612
18540334,29398998
20137532,40230264
92600331,89404160
37245889,91444540
37379806,25774303
37359564,38944313
70056914,67845831
7746148,12082465
44905989,95088987
54565600,22671186
93406204,53067675
95913575,45789220
20939491,92010570
34890527,82714128
58581143,20855710
3513729,77591068
65097983,99105685
88274893,98658740
58224573,20181058
26013839,70824659
47650164,86478987
60484731,29385612
2877073,76889577
5001428,4615435
27579193,4987071
43631644,51295126
93058864,38017359
89894985,99598442
2193509,26188098
98898535,53959466
5778685,5350532
24340690,41721537
59983044,85315440
11077407,6665924
13056803,81418800
90348895,85932518
1961095,37317797
7720428,7942363
58507495,38293994
90406924,41852839
94191293,45692257
4584810,10204566
18975482,24042032
28543030,87813622
3567632,21528302
85730259,83965746
27696903,18735163
78769418,99499455
66253913,51575759
6900899,13995551
85123215,78253476
72206889,27278581
20270500,12279655
91085665,79137752
22626548,12682358
55723758,41003133
38393404,85990385
46308097,88808189
37047785,95504467
92673093,57801471
17355948,27584603
1356200,54321964
20676779,68145852
33314187,4313639
55668070,1000868
91277209,64631117
4869547,27406038
21813596,41254286
22569461,56727785
72653608,97607504
47161328,31096339
1879997,54972689
45422494,15700056
42509251,14077021
55784462,37626166
19802260,10201637
44082176,1253851
13698486,88444875
90616608,63470221
94540657,26497482
89538162,87036271
10435517,99277862
9668173,41227791
66885075,80563558
23025499,63290034
88921697,51745716
34111854,18540334
42922791,20137532
78932187,92600331
83118912,37245889
70254126,37379806
20238509,37359564
24003544,70056914
28598612,7746148
67400070,44905989
59666547,54565600
56595671,93406204
98325747,95913575
47944685,20939491
86477184,34890527
32507173,58581143
8792682,3513729
88318341,65097983
39673221,88274893
52698620,58224573
8548160,26013839
37917435,47650164
99270125,60484731
62250345,2877073
26885486,5001428
36060507,27579193
68821254,43631644
94750963,93058864
29458149,89894985
60575563,2193509
63323528,98898535
35692898,5778685
26667879,24340690
79572579,59983044
83853616,11077407
90868729,13056803
34307505,90348895
47609974,1961095
84182949,7720428
94603344,58507495
26726863,90406924
34767312,94191293
54372322,4584810
89355018,18975482
98472864,28543030
25140375,3567632
31088985,85730259
52903628,27696903
25758083,78769418
68532923,66253913
93312746,6900899
94294917,85123215
15573295,72206889
81151455,20270500
10290265,91085665
29078125,22626548
39317311,55723758
33668846,38393404
70281682,46308097
21945416,37047785
52199720,92673093
51372454,17355948
88236413,1356200
35631296,20676779
11788813,33314187
5335757,55668070
53027120,91277209
65001525,4869547
69261702,21813596
39741104,22569461
92874261,72653608
24717378,47161328
47182408,1879997
32287515,44060303
74352225,57612543
87977422,85601797
74806008,28754688
69181446,72456237
1076506,75347544
97947765,4822271
88031357,71203653
8172646,22531401
80008974,55698422
51594482,55067614
10830526,10738919
16747816,76369638
59242112,97620181
54241494,48958643
76031892,64945197
65674187,54622492
68733505,15781249
36123395,50394109
9645664,32282502
47368170,66140830
81405807,14977785
55866531,48676312
71570253,79851223
25695166,40015079
64859820,70529533
89909823,27647271
81420552,14924351
68231138,74371283
46624073,36895685
34706682,28823931
81342117,62206016
12314560,57828767
41836973,67289268
89301071,95965349
80123574,59465124
88292086,58295812
81328937,98462073
62797411,90270784
55336003,69584095
16920018,44709945
95218092,54244606
74613705,82315236
38508109,36158021
97660228,21210974
1492913,39266160
39520741,64993364
88225272,956876
80364516,49195714
60226793,95798002
86722972,56602316
47823039,96611440
5910036,82350027
77061620,77115563
16661827,39208054
1698078,33901698
64311739,54917178
23435492,36297587
58520040,44070567
4850789,60576309
44060303,93921201
57612543,78624540
85601797,21068795
28754688,45165715
81405807,96229441
55866531,53886794
71570253,26178654
25695166,38612255
64859820,83645294
89909823,39109155
81420552,67691705
68231138,57470035
46624073,6068605
34706682,93440519
81342117,82175502
12314560,82394805
41836973,24636042
89301071,28427084
80123574,18947930
88292086,90404243
81328937,31533860
62797411,9027770
55336003,47469169
16920018,46245565
95218092,89971375
74613705,70274483
38508109,75433045
97660228,52480167
1492913,79093050
39520741,82025470
88225272,24639351
80364516,77536464
60226793,38561821
86722972,46077500
47823039,38972643
5910036,53909784
77061620,40580293
16661827,12608635
1698078,19341688
64311739,55098150
23435492,39208612
58520040,69572630
4850789,6408175
44060303,97981375
57612543,85144170
85601797,45554408
28754688,76087206
81405807,26473018
55866531,83361190
71570253,99326740
25695166,7304565
64859820,68231138
89909823,46624073
81420552,34706682
68231138,89301071
46624073,80123574
34706682,88292086
81342117,81328937
12314560,98433763
41836973,97384480
89301071,11597192
80123574,12026701
88292086,13483207
81328937,66177471
62797411,19421841
55336003,16378902
16920018,62547465
95218092,50960618
74613705,44547406
38508109,16959288
97660228,48536081
1492913,89457566
39520741,97405275
88225272,78345397
80364516,77608148
60226793,9316525
86722972,81970353
47823039,15285106
5910036,22817507
77061620,29645172
16661827,56711043
1698078,15521539
64311739,13285993
23435492,42543032
58520040,3614740
4850789,8375324
44060303,42290593
57612543,45446629
85601797,10708526
28754688,33904723
81405807,6339223
55866531,14473703
71570253,63178202
25695166,78632618
64859820,65676046
89909823,55623194
81420552,27511724
68231138,50612741
46624073,49680465
34706682,7168744
81342117,45901141
12314560,62575434
41836973,43048340
89301071,36940168
80123574,9355302
88292086,25246221
81328937,7420782
62797411,46575915
55336003,43998816
16920018,16668241
95218092,17783657
74613705,69861095
38508109,28750072
97660228,78589366
1492913,18391121
39520741,77881255
88225272,6675060
80364516,78711198
60226793,4507482
86722972,65215359
47823039,59189492
5910036,16502765
77061620,42271415
16661827,22359253
1698078,87232435
64311739,10117863
23435492,74997504
58520040,19673575
4850789,82575804
44060303,44803519
57612543,15192293
85601797,89178420
28754688,51997659
81405807,11158817
55866531,51464209
71570253,16723976
25695166,94558951
64859820,95580088
89909823,72140864
81420552,65760470
68231138,80720701
46624073,26891130
34706682,66920918
81342117,7963275
12314560,73700098
41836973,42820095
89301071,36458022
80123574,54476929
88292086,80874079
81328937,26802230
62797411,39929899
55336003,63509646
16920018,90448392
95218092,96477062
74613705,74377227
38508109,56352805
97660228,46656102
1492913,9830878
39520741,20017915
88225272,34249517
80364516,46457542
60226793,14913602
86722972,62316225
47823039,24252166
5910036,24333687
77061620,29516175
16661827,82872291
1698078,13614081
64311739,7032459
23435492,94626656
58520040,97455451
4850789,98807435
44060303,12809518
57612543,63294341
85601797,12259979
28754688,96396209
81405807,90302824
55866531,91031963
71570253,23131371
25695166,56591561
64859820,94486872
89909823,49799935
81420552,12003900
68231138,63481568
46624073,82361183
34706682,13734631
81342117,49463858
12314560,40763169
41836973,28685059
89301071,5160840
80123574,25652689
88292086,35834154
81328937,42389550
62797411,3874772
55336003,7581176
16920018,51459793
95218092,37207297
74613705,53894753
38508109,63276001
97660228,58802417
1492913,12990459
39520741,63780969
88225272,19487629
80364516,58618843
60226793,18892012
86722972,70287470
47823039,30584299
5910036,90393073
77061620,45421042
16661827,45491371
1698078,48378121
64311739,18787919
23435492,46378842
58520040,73601036
4850789,61773629
44060303,54425417
57612543,43666976
85601797,38584478
28754688,29964975
81405807,70132900
55866531,12545151
71570253,58259043
25695166,62400040
64859820,93750483
89909823,76492931
81420552,34410491
68231138,78686503
46624073,39144378
34706682,12117769
81342117,39611190
12314560,2763078
41836973,15093941
89301071,68660104
80123574,28406668
88292086,88354100
81328937,73527561
62797411,37004312
55336003,93779676
16920018,59573254
95218092,17590172
74613705,59690709
38508109,3427179
97660228,12492258
1492913,89994323
39520741,4933560
88225272,85498089
80364516,90530696
60226793,59881005
86722972,56867884
47823039,31600619
5910036,89926661
77061620,20579105
16661827,11179259
1698078,22107790
64311739,45248420
23435492,47279029
58520040,97611118
4850789,17980459
44060303,81644321
57612543,19207796
85601797,75278103
28754688,36557928
86994979,84618842
31090195,21790491
58571833,45231848
79407972,35333124
97165984,3212068
51923216,19824551
58505139,31667962
22502513,63466723
32808277,75179270
53416518,72005498
60944541,35583262
15528948,70712319
32107157,78032033
82480865,22758109
62268461,93347217
33851030,69123670
62764527,36369362
61996559,17586151
12869520,20418478
86186881,56088355
48779875,75286131
43807194,97048108
38461566,39034329
4699341,23429748
96851410,30765977
61320270,32993409
90690455,51002998
67323431,73143534
46734727,82506016
86994979,94749694
31090195,25522343
58571833,4168446
79407972,77088526
97165984,65733127
51923216,21399348
58505139,96473583
22502513,67330177
32808277,45424460
53416518,88965260
60944541,83993156
15528948,27599351
32107157,18614288
82480865,19888737
62268461,60158636
33851030,3631469
62764527,49524102
61996559,72360701
12869520,42985793
86186881,36623587
48779875,18793813
43807194,62716477
38461566,42108834
4699341,53764237
96851410,27417152
61320270,11877774
90690455,63732654
67323431,78773570
46734727,53904146
86994979,75396087
31090195,12611072
58571833,12028875
79407972,14649150
97165984,8535166
51923216,85120162
58505139,79125927
22502513,20283761
32808277,11682887
53416518,44788334
60944541,15685776
15528948,62910125
32107157,31929305
82480865,32492607
62268461,16317317
33851030,79364125
62764527,58326466
61996559,33796731
12869520,19575341
86186881,8632070
48779875,90919101
43807194,50619814
38461566,21309910
4699341,95703712
96851410,44060303
61320270,57612543
90690455,85601797
67323431,28754688
46734727,72456237
86994979,75347544
31090195,4822271
58571833,71203653
79407972,22531401
97165984,55698422
51923216,55067614
58505139,10738919
22502513,76369638
32808277,97620181
53416518,48958643
60944541,64945197
15528948,54622492
32107157,15781249
82480865,50394109
62268461,32282502
33851030,66140830
62764527,14977785
61996559,48676312
12869520,79851223
86186881,40015079
48779875,70529533
43807194,27647271
38461566,14924351
4699341,74371283
96851410,36895685
61320270,28823931
90690455,62206016
67323431,57828767
46734727,67289268
86994979,95965349
31090195,59465124
58571833,58295812
79407972,98462073
97165984,90270784
51923216,69584095
58505139,44709945
22502513,54244606
32808277,82315236
53416518,36158021
60944541,21210974
15528948,39266160
32107157,64993364
82480865,956876
62268461,49195714
33851030,95798002
62764527,56602316
61996559,96611440
12869520,82350027
86186881,77115563
48779875,39208054
43807194,33901698
38461566,54917178
4699341,36297587
96851410,44070567
61320270,60576309
90690455,93921201
67323431,78624540
46734727,21068795
59803038,45165715
36435026,96229441
79262827,53886794
90028077,26178654
65806968,38612255
4289633,83645294
63932254,39109155
24699148,67691705
9562078,57470035
43713852,6068605
49661280,93440519
47956271,82175502
94706388,82394805
17314084,24636042
29750377,28427084
17346261,18947930
47772930,90404243
40462712,31533860
3120336,9027770
43866600,47469169
32202877,46245565
53675553,89971375
92678749,70274483
66474500,75433045
58321630,52480167
2539672,79093050
71062346,82025470
46869079,24639351
23389801,77536464
28331579,38561821
95994524,46077500
33035305,38972643
9220939,53909784
50096174,40580293
3890142,12608635
21445201,19341688
8619967,55098150
23528740,39208612
15442073,69572630
99131582,6408175
98302847,97981375
27649000,85144170
20783700,45554408
34204249,76087206
97422270,26473018
9984409,83361190
78244655,99326740
90909687,7304565
8599904,68231138
32471172,46624073
13971849,34706682
89575075,89301071
4397738,80123574
12749025,88292086
50502062,81328937
92297743,98433763
9220092,97384480
72542191,11597192
42406287,12026701
14972422,13483207
73933999,66177471
24119579,19421841
89099754,16378902
12287037,62547465
66645707,50960618
13783849,44547406
64355191,16959288
23509604,48536081
52081078,89457566
8937746,97405275
31469053,78345397
54688095,77608148
91090783,9316525
29937967,81970353
69938535,15285106
22921535,22817507
33006724,29645172
72117551,56711043
10762945,15521539
40258347,13285993
4387368,42543032
12148449,3614740
3545817,8375324
11209880,42290593
47855532,45446629
77593565,10708526
5986485,33904723
85430673,6339223
37380751,14473703
46836578,63178202
98769441,78632618
80471159,65676046
34272353,55623194
35868748,27511724
19045950,50612741
60446504,49680465
82968914,7168744
18641739,45901141
86422432,62575434
69101035,43048340
30598022,36940168
62968117,9355302
39496041,25246221
79206582,7420782
45670046,46575915
55154889,43998816
23636845,16668241
20018513,17783657
25034187,69861095
94602737,28750072
76968585,78589366
41050180,18391121
3901942,77881255
81363068,6675060
36433136,78711198
63116197,4507482
37034046,65215359
60930928,59189492
54719764,16502765
47605770,42271415
47258184,22359253
48916519,87232435
40605658,10117863
32974101,74997504
15326386,19673575
40427596,82575804
62351004,44803519
94758816,15192293
67678831,89178420
26882960,51997659
74676364,11158817
27706664,51464209
87697559,16723976
87447745,94558951
6309695,95580088
77012974,72140864
41028771,65760470
64670507,80720701
78170902,26891130
78201964,66920918
7572345,7963275
65426491,73700098
90344849,42820095
33543888,36458022
44708283,54476929
51217693,80874079
49968551,26802230
95443417,39929899
37240715,63509646
29773443,90448392
18595031,96477062
43516364,74377227
71912133,56352805
25370279,46656102
99110304,9830878
39857529,20017915
44633158,34249517
92861259,46457542
96893989,14913602
96311820,62316225
7208326,24252166
99198097,24333687
25363357,29516175
90403665,82872291
69169625,13614081
7477885,7032459
5725884,94626656
77296272,97455451
49854162,98807435
80242208,12809518
55675579,63294341
33468575,12259979
57418074,96396209
23651217,90302824
95426967,91031963
84101199,23131371
43390925,56591561
61536239,94486872
79636861,49799935
67361369,12003900
57069777,63481568
65111182,82361183
86475421,13734631
92391475,49463858
6050594,40763169
27865986,28685059
10400890,5160840
64314132,25652689
55961575,35834154
82699664,42389550
85292934,3874772
20510636,7581176
24791266,51459793
94621751,37207297
50945098,53894753
40761039,63276001
49309551,58802417
97852400,12990459
36481833,63780969
18791224,19487629
10784105,58618843
26960977,18892012
14033051,70287470
85351522,30584299
92224804,90393073
81944643,45421042
23710561,45491371
41209459,48378121
48305534,18787919
46729235,46378842
34809681,73601036
32433426,61773629
52413274,54425417
50282235,43666976
12448437,38584478
82379693,29964975
50553763,70132900
98490833,12545151
90496387,58259043
5370757,62400040
80253298,93750483
58789945,76492931
18360689,34410491
98283424,78686503
26952290,39144378
96718630,12117769
46368433,39611190
31404881,2763078
51862921,15093941
38632127,68660104
86804466,28406668
33701276,88354100
3355714,73527561
88851127,37004312
20472580,93779676
62925417,59573254
48055245,17590172
46012487,59690709
57408968,3427179
99537062,12492258
65040032,89994323
11689613,4933560
79754896,85498089
34787271,90530696
59956092,59881005
7988010,56867884
3001353,31600619
92087263,89926661
48576218,20579105
64420660,11179259
44413636,22107790
7092471,45248420
25095290,47279029
83253902,97611118
76577336,17980459
40498328,81644321
41342381,19207796
58626492,75278103
87300235,36557928
13344500,84618842
75062886,21790491
14060233,45231848
21077003,35333124
48104059,3212068
54579897,19824551
34636381,31667962
24392255,63466723
14928466,75179270
33308882,72005498
77381012,35583262
27359185,70712319
82332272,78032033
82116137,22758109
43404997,93347217
3373071,69123670
39563356,36369362
86460086,17586151
37905101,20418478
84431520,56088355
96750953,75286131
8361082,97048108
71997610,39034329
92989063,23429748
27675994,30765977
11341224,32993409
98298852,51002998
18299626,73143534
78818508,82506016
33455162,94749694
54705419,25522343
9424793,4168446
831122,77088526
52579953,65733127
32541281,21399348
92783903,96473583
65672462,67330177
64238241,45424460
36456983,88965260
10097920,83993156
36928988,27599351
92436918,18614288
70959894,19888737
98232859,60158636
88934461,3631469
76296461,49524102
15447860,72360701
84906838,42985793
56024462,36623587
65023322,18793813
31877430,62716477
83156658,42108834
68020579,53764237
12866845,27417152
81748495,11877774
96226111,63732654
50595084,78773570
75074490,53904146
53867498,75396087
80395884,12611072
75722938,12028875
39058429,14649150
99399188,8535166
64917004,85120162
21760836,79125927
1519764,20283761
20584117,11682887
16562270,44788334
3382035,15685776
24881414,62910125
13894884,31929305
34673671,32492607
56185450,16317317
15828287,79364125
23646467,58326466
73188560,33796731
21918367,19575341
65311800,8632070
25025363,90919101
41269895,50619814
81097858,21309910
33556203,95703712
56325841,53330019
27278272,35651190
20951956,79862451
74164377,49606311
63585697,19492057
19357592,36151604
20938133,15448665
42926637,93868131
93185313,51192325
73594995,51211407
52222284,536249
70054110,88074177
34365116,48035944
37309822,93996802
73371852,84135119
98158776,58879182
52904397,25319534
35215302,39810852
30943741,57632061
67121908,53815833
10241410,52657300
14053906,85146796
34859116,63564702
59206277,25142645
22992859,19038855
70770344,1380578
84796811,48702233
5929637,80022920
45442252,33075210
7226547,38934074
52643320,63348685
50507915,5400458
69441981,24767383
35450448,61977005
67194799,8749005
61228456,61313365
24763589,92225025
56382192,20938570
78666313,38817310
65108120,24085648
26117342,12569509
80771330,10640912
19635507,85990923
10319017,75258041
94632257,71095651
17251721,60512149
43010288,28083113
28483263,27206748
41812079,96671645
68057501,1060699
32331772,64081108
7678489,28733015
35277640,13634446
44141558,23362180
10023644,90139580
29785722,62064202
55003895,64471954
20826448,95659331
88182120,52065205
29729248,62124725
62892774,60515204
13116677,37338273
73979574,30643522
38075689,90204029
86543727,53374033
21699936,38231088
54013848,37069561
29544049,8638656
93371452,97422961
26947473,53090051
54796647,97171612
24700039,73300483
82321241,49301287
23272075,52182262
39129689,11422303
43466305,21932694
87507791,62238328
73823785,49916093
18397762,12848434
50572290,58836737
7707417,45043360
10231241,20876406
90600038,77674345
43388860,6129412
64636600,64458934
22249259,62533047
66074687,39637528
51908717,7645852
76878913,87352621
34670956,73627427
82733967,57374524
31859045,83970549
37501628,64463154
11231079,77217384
88509823,98979041
75242411,55084346
77721893,10121845
45716481,97318271
38769905,79726691
61597222,23482229
24208925,86451055
96096556,7856933
30333342,31490260
54232326,87328492
28131277,44474405
43788024,92129463
49943584,24299480
7501380,94689073
47430441,26611292
50328646,87347196
74529717,9092160
75620694,43894346
88096513,229170
2497715,27965436
25837867,3452034
25044766,29434132
76412401,1176306
99068348,58411961
90275334,18809734
77289872,75516269
45716899,33305109
72545128,33073161
6605228,94430557
85455126,73118229
40429809,30636733
71718722,63083962
41377947,39586889
92252020,35908967
36797671,28662571
47332984,87540222
95189005,81435151
36822749,48787759
22175115,51324027
85499449,26702561
36092947,81703915
44175949,6311369
68077411,71863248
97143231,56277148
31519044,20687943
92829779,97328839
13119642,68508646
49653392,87495434
60980587,50296335
77674429,1588086
49026512,8271467
32499642,99479493
70684451,10524485
80435902,94993891
41115465,57936924
66428415,90684745
42432273,72673189
66862314,78018152
8711298,14729257
85075326,4007823
77090564,46315799
3585673,95269926
7175620,32883252
10902310,72700819
7304998,12489845
77149743,43485129
87588032,87232296
28448374,48885314
6941598,61157344
48355349,23306251
5918505,85938682
89478006,41336669
12214682,39633099
16400876,62141227
58972465,90623781
71459223,8540817
16652595,63529814
29979404,11649176
32825640,96575960
22225089,38368001
16270192,45212307
82729570,68238703
91015601,60394022
51445371,62718215
64690605,25238585
3436442,92327711
47655343,58338771
22102401,38600439
16752684,64065623
39822285,28568588
14019789,78319785
58814177,96685107
57692964,19662052
3269450,24705811
64768657,86891904
60575428,92740341
57216909,6368685
93223274,36393141
71788061,55133503
48030200,72114396
93935350,4125792
50999367,26700195
18731530,17303636
72598915,50353129
96859916,96917876
20056859,40339806
88538170,8521704
87354190,92670655
6784433,9349439
89859655,20434822
28415714,81843209
11753030,77383721
32673347,78129386
1087592,44404018
66566873,32091985
7278063,68607779
42745145,89877471
42520539,80040164
4220750,20377045
27921332,71602545
63184848,35726264
72624702,2874480
36677140,97925027
32776705,19588699
4861551,24042400
57246532,4509030
32041710,50816073
36893162,94945164
42794566,62493911
24837258,21402283
75054936,78621739
52429574,90472012
55212160,39440256
56139157,6701473
65901144,89880282
38423261,21583874
79063602,70112634
44717025,7860079
33980337,75535447
46232179,96838884
90018806,50392235
7645841,61962773
79405339,13881244
10667170,42584134
65771504,78232144
48834343,27751539
77087328,34170022
75277388,16591471
11216774,4494713
93537297,76492649
85950519,68826021
76460169,44403193
2121264,85167147
33793848,45743355
27352584,88818488
66692433,61842302
29118750,67785277
68242717,9711267
3806056,59653048
4875708,15723977
36692664,88934825
3685048,25279172
37336559,15510186
75535619,22832797
11890908,58091071
33739991,74210101
78105196,44816960
11159181,19116857
11594183,72741488
63434148,42290417
7766405,26884929
98616731,21290891
74855556,70473653
10120057,87741997
40090724,13778963
14019946,49622092
79168632,82910660
74686468,89945149
23394191,32194547
40958775,61303193
49309351,353364
50750222,62549136
90743698,97402778
68854113,79555476
87708107,10467483
2097823,28638638
63975836,29697529
4378748,16630517
23489066,47117242
49990287,56132401
33163589,34839254
30471110,91794091
39985158,42130308
72049742,96651967
6434906,62813775
82309221,52372107
43202937,30632334
43977583,66394680
60070048,7278741
97014580,55167646
14054765,89730016
37382160,70203123
32176733,99207178
64970854,2965195
94724767,58114095
56954817,65443755
79295398,71377645
92812769,52415589
98175141,87664584
97306972,38318721
28021921,43996781
71796468,38293327
40574611,32898109
97203275,71094588
11487942,49123250
16351854,57536450
5532305,15583859
13600550,82824840
9345654,5556271
74585268,67075287
64724004,41335676
27230744,93570712
57712305,73021654
10252918,82257699
96910550,6030388
25967484,17466258
91016739,10879876
95507303,76769585
65184540,10216334
62844546,58072375
31253335,22306226
36257287,55474787
68557948,31384873
81942924,38587742
15854613,23570349
43801509,13466065
83714944,62971060
44895635,70423365
66383297,13692915
67984563,25290104
94132179,55832868
88918386,47843191
7180219,88353616
65568476,52320781
32373297,87126172
85654774,87763764
33116087,75248459
69016322,92647055
506759,41935634
58506346,99430634
24795903,65218531
91059891,31562919
64412713,57250894
19773383,89231106
97689241,85188502
45875920,40596053
99573351,9635124
64603861,12236450
47043733,26652185
13672400,18734613
28928537,20690489
86588191,67300102
94898764,34767908
49003367,64324839
36587459,68814489
41405924,30546628
65965606,51667228
3976079,23358843
47195337,75244940
71812225,57068006
22425512,61842892
4799116,76463375
43165790,27689710
61557816,91104810
91002598,13834853
74526754,7794220
92909413,79311295
67698991,54005653
46647271,9800445
71170015,1457938
11423547,18985310
63738079,21672345
71612734,99294374
54065008,46832099
31227651,55956020
78774704,31930822
24411976,52553749
50172865,18769516
34167799,50083347
75873861,52568806
96948907,64664649
47873557,66025608
51570364,97749850
39827625,11872637
44696052,9662820
33135056,23385641
29987610,85452381
13239411,9547256
59992384,92167675
94808199,86520412
12633571,54809841
6539325,28271255
26785947,20349011
13766908,43230186
57200142,43812692
79063728,74097732
38554189,51043106
19019562,32706454
98188947,3156803
72899884,77463026
7884903,68295217
68565100,79380688
65194721,52362244
25285904,42138077
71382389,46235762
60506746,27355096
23881678,70838433
98085880,53711708
2000322,51694562
10651422,85115425
71701838,20208142
58164102,63607085
24141653,98882380
2204155,52018167
41737990,76324876
24955294,3541054
96779355,89484017
94343838,47415448
73429226,90259137
85632555,28970282
52662477,40773148
84559412,77938591
85468019,94303141
13695954,96447403
87063848,41925715
23818179,768949
92611853,91930632
91455253,77371588
61963950,64208542
9402887,15549635
45811009,15388215
67678175,52616800
51673661,89501743
43448698,90944110
86348785,90677368
5800168,5188503
40706913,51275773
78820233,31743657
96655498,91932962
8853200,14374520
67266533,46272844
74637651,3800400
35501482,23206142
45105196,1498747
66329413,85243185
52047927,26645535
76022698,32129901
65628853,31803262
48261365,19695004
88990037,12476926
42549798,62452441
98367368,16413379
72774236,61986053
9990903,65208558
31616210,39372098
1026314,16051798
41356536,61152886
75408321,84074120
65451857,19768644
11932632,19981915
75038026,61715262
24248316,43765884
38849754,75894430
39035777,24244870
44427459,65504253
29876827,80195788
67582350,20046660
88413129,83191481
10457963,34771542
84711442,55147317
37986761,62979792
9887590,22512311
89697878,8077837
10610651,47625251
10294113,961174
9327788,46916177
98618540,29090592
34395543,45822343
24421254,80737754
80412743,15124734
90561298,9121374
52565440,69081317
33038854,11488675
98407600,12139467
64974426,86815397
47690666,29147223
37476301,349614
51725309,65935178
63576490,6550773
43036198,55269301
10992714,57417260
68032118,65914865
40998921,95115693
94442703,98124660
73750827,50226351
5499757,62458432
39954677,4584827
26703991,16047835
50978417,59489818
23863495,44776325
25507733,21289592
8589286,92064084
87984208,77334822
45003707,63237600
78338088,25061898
15618215,8632088
77070547,68175242
29775076,93662265
86608744,52344232
48579086,64041402
36380388,39197025
80357844,54491552
63964545,86494316
13559351,1361272
73579123,91658779
82225412,47833647
30351409,59393473
55440964,77676193
82882434,80958337
83389891,6225157
55858164,83416756
81726952,33187632
24169885,35492703
26820799,55395854
59250080,18662115
11461607,13954044
94272287,7121894
69445991,14494530
58687428,9629703
93807992,11462706
69721098,78791315
46297657,58075548
46760685,5053188
93623904,52035788
55665319,42579348
73227362,828039
80071227,53293183
85174767,73142905
55397243,13063358
54283396,6326843
19462647,41390860
72543055,51361403
59556875,84992707
90876671,92931119
14972602,67692906
19699694,77906584
52965209,93090097
33434861,94691643
56547130,8484090
10120394,29391205
63177708,68387411
96717227,2362571
59070111,6723067
23090286,19078343
33397323,58578278
89925482,45172023
70664436,50418748
75091240,79082223
54796280,59760109
74331738,84951244
79103924,73876522
61093707,70058699
97584380,35068578
56547130,7183730
10120394,28799696
63177708,97818290
96717227,59070111
73876522,23090286
73876522,43155156
73876522,68163104
73876522,97954280
73876522,35046403
73876522,93301714
73876522,31126722
73876522,66699743
73876522,63431580
73876522,86853739
73876522,78154321
73876522,80937385
73876522,91388339
73876522,8847566
73876522,61304554
73876522,83544517
73876522,58437668
73876522,8059789
73876522,49965991
73876522,42982444
73876522,24468734
73876522,37573664
73876522,57971676
73876522,12498426
73876522,87919725
73876522,30312506
73876522,63701682
73876522,67442806
73876522,80482846
73876522,70378721
73876522,30612377
73876522,85754679
73876522,86505987
73876522,60835371
73876522,13618506
73876522,40899719
73876522,5310136
73876522,20890653
73876522,75298492
73876522,24573180
73876522,88578109
73876522,52179300
73876522,65074868
